Wuhan_1_LEFT	Wuhan_1_RIGHT
Wuhan_2_LEFT	Wuhan_2_RIGHT
Wuhan_3_LEFT	Wuhan_3_RIGHT
Wuhan_4_LEFT	Wuhan_4_RIGHT
Wuhan_5_LEFT	Wuhan_5_RIGHT
Wuhan_6_LEFT	Wuhan_6_RIGHT
Wuhan_7_LEFT	Wuhan_7_RIGHT
Wuhan_8_LEFT	Wuhan_8_RIGHT
Wuhan_9_LEFT	Wuhan_9_RIGHT
Wuhan_10_LEFT	Wuhan_10_RIGHT
Wuhan_11_LEFT	Wuhan_11_RIGHT
Wuhan_12_LEFT	Wuhan_12_RIGHT
Wuhan_13_LEFT	Wuhan_13_RIGHT
Wuhan_14_LEFT	Wuhan_14_RIGHT
Wuhan_15_LEFT	Wuhan_15_RIGHT
Wuhan_16_LEFT	Wuhan_16_RIGHT
Wuhan_17_LEFT	Wuhan_17_RIGHT
Wuhan_18_LEFT	Wuhan_18_RIGHT
Wuhan_19_LEFT	Wuhan_19_RIGHT
Wuhan_20_LEFT	Wuhan_20_RIGHT
Wuhan_21_LEFT	Wuhan_21_RIGHT
Wuhan_22_LEFT	Wuhan_22_RIGHT
Wuhan_23_LEFT	Wuhan_23_RIGHT
Wuhan_24_LEFT	Wuhan_24_RIGHT
Wuhan_25_LEFT	Wuhan_25_RIGHT
Wuhan_26_LEFT	Wuhan_26_RIGHT
Wuhan_27_LEFT	Wuhan_27_RIGHT
Wuhan_28_LEFT	Wuhan_28_RIGHT
Wuhan_29_LEFT	Wuhan_29_RIGHT
Wuhan_30_LEFT	Wuhan_30_RIGHT
